{"cameraMode":{"drawMode":0,"name":"Shaded","section":"Shading Mode"},"sceneLighting":false,"audioPlay":false,"sceneViewState":{"m_AlwaysRefresh":false,"showFog":false,"showSkybox":false,"showFlares":false,"showImageEffects":false,"showParticleSystems":false,"showVisualEffectGraphs":true,"m_FxEnabled":true},"in2DMode":false,"pivot":{"x":5.960464477539063e-8,"y":0.5579727292060852,"z":2.2351741790771485e-7},"rotation":{"x":-0.0023946838919073345,"y":-0.9921279549598694,"z":0.12900441884994508,"w":-0.014509563334286213},"size":0.6066015958786011,"orthographic":false}