{"cameraMode":{"drawMode":0,"name":"Shaded","section":"Shading Mode"},"sceneLighting":false,"audioPlay":false,"sceneViewState":{"m_AlwaysRefresh":false,"showFog":false,"showSkybox":false,"showFlares":false,"showImageEffects":false,"showParticleSystems":false,"showVisualEffectGraphs":true,"m_FxEnabled":true},"in2DMode":false,"pivot":{"x":-1.4901161193847657e-8,"y":-0.012366101145744324,"z":0.03417990356683731},"rotation":{"x":0.01989339292049408,"y":-0.9711766242980957,"z":0.22265346348285676,"w":0.08955559134483338},"size":0.24515391886234284,"orthographic":false}