{"cameraMode":{"drawMode":0,"name":"Shaded","section":"Shading Mode"},"sceneLighting":false,"audioPlay":false,"sceneViewState":{"m_AlwaysRefresh":false,"showFog":false,"showSkybox":false,"showFlares":false,"showImageEffects":false,"showParticleSystems":false,"showVisualEffectGraphs":true,"m_FxEnabled":true},"in2DMode":false,"pivot":{"x":-0.12225199490785599,"y":0.17532320320606233,"z":-4.0046870708465578e-7},"rotation":{"x":-0.06887657195329666,"y":-0.9274716973304749,"z":0.20804449915885926,"w":-0.30487295985221865},"size":0.2301529049873352,"orthographic":false}