{"cameraMode":{"drawMode":0,"name":"Shaded","section":"Shading Mode"},"sceneLighting":false,"audioPlay":false,"sceneViewState":{"m_AlwaysRefresh":false,"showFog":false,"showSkybox":false,"showFlares":false,"showImageEffects":false,"showParticleSystems":false,"showVisualEffectGraphs":true,"m_FxEnabled":true},"in2DMode":false,"pivot":{"x":-1.281000018119812,"y":0.8765641450881958,"z":-0.0021361112594604494},"rotation":{"x":0.03677934780716896,"y":0.9641863107681274,"z":-0.16504691541194917,"w":0.20709577202796937},"size":1.442765235900879,"orthographic":false}