{"cameraMode":{"drawMode":0,"name":"Shaded","section":"Shading Mode"},"sceneLighting":false,"audioPlay":false,"sceneViewState":{"m_AlwaysRefresh":false,"showFog":false,"showSkybox":false,"showFlares":false,"showImageEffects":false,"showParticleSystems":false,"showVisualEffectGraphs":true,"m_FxEnabled":true},"in2DMode":false,"pivot":{"x":2.384185791015625e-7,"y":1.2119107246398926,"z":-0.029090464115142823},"rotation":{"x":-0.029769938439130784,"y":0.9592540860176086,"z":-0.2582344710826874,"w":-0.11572803556919098},"size":2.4398410320281984,"orthographic":false}