{"cameraMode":{"drawMode":0,"name":"Shaded","section":"Shading Mode"},"sceneLighting":false,"audioPlay":false,"sceneViewState":{"m_AlwaysRefresh":false,"showFog":false,"showSkybox":false,"showFlares":false,"showImageEffects":false,"showParticleSystems":false,"showVisualEffectGraphs":true,"m_FxEnabled":true},"in2DMode":false,"pivot":{"x":0.0004591941833496094,"y":1.3548882007598878,"z":-0.08311784267425537},"rotation":{"x":0.008671863935887814,"y":0.9905962347984314,"z":-0.05666537210345268,"w":0.1287207007408142},"size":2.5940065383911135,"orthographic":false}