{"cameraMode":{"drawMode":0,"name":"Shaded","section":"Shading Mode"},"sceneLighting":false,"audioPlay":false,"sceneViewState":{"m_AlwaysRefresh":false,"showFog":false,"showSkybox":false,"showFlares":false,"showImageEffects":false,"showParticleSystems":false,"showVisualEffectGraphs":true,"m_FxEnabled":true},"in2DMode":false,"pivot":{"x":-1.4901161193847657e-7,"y":0.05394423007965088,"z":0.023112431168556215},"rotation":{"x":0.013471744954586029,"y":0.9836165308952332,"z":-0.168557807803154,"w":0.07101599127054215},"size":1.2630336284637452,"orthographic":false}