{"cameraMode":{"drawMode":0,"name":"Shaded","section":"Shading Mode"},"sceneLighting":false,"audioPlay":false,"sceneViewState":{"m_AlwaysRefresh":false,"showFog":false,"showSkybox":false,"showFlares":false,"showImageEffects":false,"showParticleSystems":false,"showVisualEffectGraphs":true,"m_FxEnabled":true},"in2DMode":false,"pivot":{"x":2.384185791015625e-7,"y":1.2465434074401856,"z":-0.0270078182220459},"rotation":{"x":-0.002414368325844407,"y":0.9819350242614746,"z":-0.19122332334518434,"w":-0.019107230007648469},"size":2.565248489379883,"orthographic":false}