{"cameraMode":{"drawMode":0,"name":"Shaded","section":"Shading Mode"},"sceneLighting":false,"audioPlay":false,"sceneViewState":{"m_AlwaysRefresh":false,"showFog":false,"showSkybox":false,"showFlares":false,"showImageEffects":false,"showParticleSystems":false,"showVisualEffectGraphs":true,"m_FxEnabled":true},"in2DMode":false,"pivot":{"x":-1.2801129817962647,"y":0.9027353525161743,"z":-0.05384188890457153},"rotation":{"x":-0.002414368325844407,"y":0.9819350242614746,"z":-0.19122332334518434,"w":-0.019107230007648469},"size":1.4630298614501954,"orthographic":false}