{"cameraMode":{"drawMode":0,"name":"Shaded","section":"Shading Mode"},"sceneLighting":false,"audioPlay":false,"sceneViewState":{"m_AlwaysRefresh":false,"showFog":false,"showSkybox":false,"showFlares":false,"showImageEffects":false,"showParticleSystems":false,"showVisualEffectGraphs":true,"m_FxEnabled":true},"in2DMode":false,"pivot":{"x":-0.2913253605365753,"y":1.1531643867492676,"z":0.40658751130104067},"rotation":{"x":0.040449533611536029,"y":0.9574148654937744,"z":-0.2435431331396103,"w":0.15347570180892945},"size":2.2711472511291506,"orthographic":false}