{"cameraMode":{"drawMode":0,"name":"Shaded","section":"Shading Mode"},"sceneLighting":false,"audioPlay":false,"sceneViewState":{"m_AlwaysRefresh":false,"showFog":false,"showSkybox":false,"showFlares":false,"showImageEffects":false,"showParticleSystems":false,"showVisualEffectGraphs":true,"m_FxEnabled":true},"in2DMode":false,"pivot":{"x":-1.2810001373291016,"y":0.8646294474601746,"z":-0.04846854507923126},"rotation":{"x":-0.002414368325844407,"y":0.9819350242614746,"z":-0.19122332334518434,"w":-0.019107230007648469},"size":1.4320051670074463,"orthographic":false}